-- Вставка пользователей (10 родителей и 10 детей)
INSERT INTO "users" ("id", "lastname", "name", "father_name", "username", "password", "birth_date", "city", "role") VALUES
    ('11111111-1111-1111-1111-111111111111', 'Иванов', 'Иван', 'Иванович', 'ivanov_parent', 'password1', '1980-01-01', 'Москва', 'PARENT'),
    ('22222222-2222-2222-2222-222222222222', 'Петров', 'Петр', 'Петрович', 'petrov_parent', 'password2', '1975-02-01', 'Санкт-Петербург', 'PARENT'),
    ('33333333-3333-3333-3333-333333333333', 'Сидоров', 'Сидор', 'Сидорович', 'sidorov_parent', 'password3', '1985-03-01', 'Новосибирск', 'PARENT'),
    ('44444444-4444-4444-4444-444444444444', 'Смирнов', 'Алексей', 'Алексеевич', 'smirnov_parent', 'password4', '1978-04-01', 'Екатеринбург', 'PARENT'),
    ('55555555-5555-5555-5555-555555555555', 'Кузнецов', 'Николай', 'Николаевич', 'kuznetsov_parent', 'password5', '1982-05-01', 'Казань', 'PARENT'),
    ('66666666-6666-6666-6666-666666666666', 'Федоров', 'Федор', 'Федорович', 'fedorov_parent', 'password6', '1986-06-01', 'Челябинск', 'PARENT'),
    ('77777777-7777-7777-7777-777777777777', 'Михайлов', 'Михаил', 'Михайлович', 'mikhailov_parent', 'password7', '1983-07-01', 'Самара', 'PARENT'),
    ('88888888-8888-8888-8888-888888888888', 'Алексеев', 'Александр', 'Александрович', 'alexeev_parent', 'password8', '1987-08-01', 'Ростов-на-Дону', 'PARENT'),
    ('99999999-9999-9999-9999-999999999999', 'Попов', 'Дмитрий', 'Дмитриевич', 'popov_parent', 'password9', '1984-09-01', 'Уфа', 'PARENT'),
    ('aaaaaaaa-aaaa-aaaa-aaaa-aaaaaaaaaaaa', 'Васильев', 'Василий', 'Васильевич', 'vasiliev_parent', 'password10', '1979-10-01', 'Красноярск', 'PARENT'),
    ('bbbbbbbb-bbbb-bbbb-bbbb-bbbbbbbbbbbb', 'Иванов', 'Артем', 'Иванович', 'ivanov_child', 'password11', '2005-01-01', 'Москва', 'KID'),
    ('cccccccc-cccc-cccc-cccc-cccccccccccc', 'Петров', 'Игорь', 'Петрович', 'petrov_child', 'password12', '2007-02-01', 'Санкт-Петербург', 'KID'),
    ('dddddddd-dddd-dddd-dddd-dddddddddddd', 'Сидоров', 'Денис', 'Сидорович', 'sidorov_child', 'password13', '2008-03-01', 'Новосибирск', 'KID'),
    ('eeeeeeee-eeee-eeee-eeee-eeeeeeeeeeee', 'Смирнов', 'Евгений', 'Алексеевич', 'smirnov_child', 'password14', '2010-04-01', 'Екатеринбург', 'KID'),
    ('ffffffff-ffff-ffff-ffff-ffffffffffff', 'Кузнецов', 'Максим', 'Николаевич', 'kuznetsov_child', 'password15', '2006-05-01', 'Казань', 'KID'),
    ('11111111-aaaa-aaaa-aaaa-111111111111', 'Федоров', 'Глеб', 'Федорович', 'fedorov_child', 'password16', '2004-06-01', 'Челябинск', 'KID'),
    ('22222222-bbbb-bbbb-bbbb-222222222222', 'Михайлов', 'Олег', 'Михайлович', 'mikhailov_child', 'password17', '2009-07-01', 'Самара', 'KID'),
    ('33333333-cccc-cccc-cccc-333333333333', 'Алексеев', 'Антон', 'Александрович', 'alexeev_child', 'password18', '2011-08-01', 'Ростов-на-Дону', 'KID'),
    ('44444444-dddd-dddd-dddd-444444444444', 'Попов', 'Никита', 'Дмитриевич', 'popov_child', 'password19', '2003-09-01', 'Уфа', 'KID'),
    ('55555555-eeee-eeee-eeee-555555555555', 'Васильев', 'Владислав', 'Васильевич', 'vasiliev_child', 'password20', '2002-10-01', 'Красноярск', 'KID');

-- Вставка данных в таблицу счетов
INSERT INTO "accounts" ("id", "user", "balance") VALUES
    ('10000000-0000-0000-0000-000000000001', '11111111-1111-1111-1111-111111111111', 10000),
    ('20000000-0000-0000-0000-000000000002', '22222222-2222-2222-2222-222222222222', 9000),
    ('30000000-0000-0000-0000-000000000003', '33333333-3333-3333-3333-333333333333', 8000),
    ('40000000-0000-0000-0000-000000000004', '44444444-4444-4444-4444-444444444444', 7000),
    ('50000000-0000-0000-0000-000000000005', '55555555-5555-5555-5555-555555555555', 6000),
    ('60000000-0000-0000-0000-000000000006', '66666666-6666-6666-6666-666666666666', 11000),
    ('70000000-0000-0000-0000-000000000007', '77777777-7777-7777-7777-777777777777', 12000),
    ('80000000-0000-0000-0000-000000000008', '88888888-8888-8888-8888-888888888888', 5000),
    ('90000000-0000-0000-0000-000000000009', '99999999-9999-9999-9999-999999999999', 13000),
    ('a0000000-0000-0000-0000-000000000010', 'aaaaaaaa-aaaa-aaaa-aaaa-aaaaaaaaaaaa', 15000),
    ('b0000000-0000-0000-0000-000000000011', 'bbbbbbbb-bbbb-bbbb-bbbb-bbbbbbbbbbbb', 4000),
    ('c0000000-0000-0000-0000-000000000012', 'cccccccc-cccc-cccc-cccc-cccccccccccc', 3000),
    ('d0000000-0000-0000-0000-000000000013', 'dddddddd-dddd-dddd-dddd-dddddddddddd', 2000),
    ('e0000000-0000-0000-0000-000000000014', 'eeeeeeee-eeee-eeee-eeee-eeeeeeeeeeee', 9000),
    ('f0000000-0000-0000-0000-000000000015', 'ffffffff-ffff-ffff-ffff-ffffffffffff', 8000),
    ('11111111-aaaa-aaaa-aaaa-111111111111', '11111111-aaaa-aaaa-aaaa-111111111111', 7000),
    ('22222222-bbbb-bbbb-bbbb-222222222222', '22222222-bbbb-bbbb-bbbb-222222222222', 9500),
    ('33333333-cccc-cccc-cccc-333333333333', '33333333-cccc-cccc-cccc-333333333333', 8500),
    ('44444444-dddd-dddd-dddd-444444444444', '44444444-dddd-dddd-dddd-444444444444', 7500),
    ('55555555-eeee-eeee-eeee-555555555555', '55555555-eeee-eeee-eeee-555555555555', 6500);

-- Вставка категорий магазинов
INSERT INTO "shop_categories" ("id", "name") VALUES
    (1, 'Продукты'),
    (2, 'Одежда'),
    (3, 'Техника'),
    (4, 'Книги'),
    (5, 'Спорттовары');

-- Вставка магазинов (по 4 магазина на категорию)
INSERT INTO "shops" ("id", "name", "category") VALUES
    (1, 'Магнит', 1),
    (2, 'Пятерочка', 1),
    (3, 'Перекресток', 1),
    (4, 'Лента', 1),
    (5, 'H&M', 2),
    (6, 'Zara', 2),
    (7, 'Bershka', 2),
    (8, 'Ostin', 2),
    (9, 'Эльдорадо', 3),
    (10, 'М.Видео', 3),
    (11, 'ДНС', 3),
    (12, 'Ситилинк', 3),
    (13, 'Читай-город', 4),
    (14, 'Лабиринт', 4),
    (15, 'Буквоед', 4),
    (16, 'Республика', 4),
    (17, 'Декатлон', 5),
    (18, 'Спортмастер', 5),
    (19, 'Adidas', 5),
    (20, 'Nike', 5);

-- Вставка транзакций (10 поступлений и 10 покупок)
INSERT INTO "transactions" ("id", "from", "to", "type", "sum") VALUES
    ('t0000000-0000-0000-0000-000000000000', '10000000-0000-0000-0000-000000000000', '20000000-0000-0000-0000-000000000000', 'BUY', 500),
    ('t1111111-1111-1111-1111-111111111111', '20000000-0000-0000-0000-000000000000', '30000000-0000-0000-0000-000000000000', 'BUY', 300),
    ('t2222222-2222-2222-2222-222222222222', '30000000-0000-0000-0000-000000000000', '40000000-0000-0000-0000-000000000000', 'BUY', 100),
    ('t3333333-3333-3333-3333-333333333333', '40000000-0000-0000-0000-000000000000', '50000000-0000-0000-0000-000000000000', 'BUY', 800),
    ('t4444444-4444-4444-4444-444444444444', '50000000-0000-0000-0000-000000000000', '60000000-0000-0000-0000-000000000000', 'BUY', 200),
    ('t5555555-5555-5555-5555-555555555555', '60000000-0000-0000-0000-000000000000', '70000000-0000-0000-0000-000000000000', 'BUY', 400),
    ('t6666666-6666-6666-6666-666666666666', '70000000-0000-0000-0000-000000000000', '80000000-0000-0000-0000-000000000000', 'BUY', 600),
    ('t7777777-7777-7777-7777-777777777777', '80000000-0000-0000-0000-000000000000', '90000000-0000-0000-0000-000000000000', 'BUY', 900),
    ('t8888888-8888-8888-8888-888888888888', '90000000-0000-0000-0000-000000000000', 'a0000000-0000-0000-0000-000000000000', 'BUY', 700),
    ('t9999999-9999-9999-9999-999999999999', 'a0000000-0000-0000-0000-000000000000', '10000000-0000-0000-0000-000000000000', 'BUY', 1200),
    ('taaaaaaa-aaaa-aaaa-aaaa-aaaaaaaaaaaa', '10000000-0000-0000-0000-000000000000', '20000000-0000-0000-0000-000000000000', 'RECEIPT', 800),
    ('tbbbbbbb-bbbb-bbbb-bbbb-bbbbbbbbbbbb', '20000000-0000-0000-0000-000000000000', '30000000-0000-0000-0000-000000000000', 'RECEIPT', 600),
    ('tccccccc-cccc-cccc-cccc-cccccccccccc', '30000000-0000-0000-0000-000000000000', '40000000-0000-0000-0000-000000000000', 'RECEIPT', 400),
    ('tddddddd-dddd-dddd-dddd-dddddddddddd', '40000000-0000-0000-0000-000000000000', '50000000-0000-0000-0000-000000000000', 'RECEIPT', 700),
    ('teeeeeee-eeee-eeee-eeee-eeeeeeeeeeee', '50000000-0000-0000-0000-000000000000', '60000000-0000-0000-0000-000000000000', 'RECEIPT', 500),
    ('tfffffff-ffff-ffff-ffff-ffffffffffff', '60000000-0000-0000-0000-000000000000', '70000000-0000-0000-0000-000000000000', 'RECEIPT', 300),
    ('t1111111-aaaa-aaaa-aaaa-111111111111', '70000000-0000-0000-0000-000000000000', '80000000-0000-0000-0000-000000000000', 'RECEIPT', 500),
    ('t2222222-bbbb-bbbb-bbbb-222222222222', '80000000-0000-0000-0000-000000000000', '90000000-0000-0000-0000-000000000000', 'RECEIPT', 700),
    ('t3333333-cccc-cccc-cccc-333333333333', '90000000-0000-0000-0000-000000000000', 'a0000000-0000-0000-0000-000000000000', 'RECEIPT', 1000),
    ('t4444444-dddd-dddd-dddd-444444444444', 'a0000000-0000-0000-0000-000000000000', '10000000-0000-0000-0000-000000000000', 'RECEIPT', 800);

-- Вставка данных в таблицу лимитов категорий
INSERT INTO "categories_limit" ("id", "category", "parent", "child") VALUES
    (1, 1, '11111111-1111-1111-1111-111111111111', 'bbbbbbbb-bbbb-bbbb-bbbb-bbbbbbbbbbbb'),
    (2, 2, '22222222-2222-2222-2222-222222222222', 'cccccccc-cccc-cccc-cccc-cccccccccccc'),
    (3, 3, '33333333-3333-3333-3333-333333333333', 'dddddddd-dddd-dddd-dddd-dddddddddddd'),
    (4, 4, '44444444-4444-4444-4444-444444444444', 'eeeeeeee-eeee-eeee-eeee-eeeeeeeeeeee'),
    (5, 5, '55555555-5555-5555-5555-555555555555', 'ffffffff-ffff-ffff-ffff-ffffffffffff'),
    (6, 1, '66666666-6666-6666-6666-666666666666', '11111111-aaaa-aaaa-aaaa-111111111111'),
    (7, 2, '77777777-7777-7777-7777-777777777777', '22222222-bbbb-bbbb-bbbb-222222222222'),
    (8, 3, '88888888-8888-8888-8888-888888888888', '33333333-cccc-cccc-cccc-333333333333'),
    (9, 4, '99999999-9999-9999-9999-999999999999', '44444444-dddd-dddd-dddd-444444444444'),
    (10, 5, 'aaaaaaaa-aaaa-aaaa-aaaa-aaaaaaaaaaaa', '55555555-eeee-eeee-eeee-555555555555');
